time,vertical
0,-0.329
0.034,-0.318
0.068,-0.3
0.101,-0.277
0.135,-0.25
0.169,-0.216
0.203,-0.18
0.236,-0.144
0.27,-0.104
0.304,-7.04E-02
0.338,-2.94E-02
0.371,1.10E-02
0.405,5.08E-02
0.439,9.09E-02
0.473,0.129
0.506,0.165
0.54,0.201
0.574,0.234
0.608,0.263
0.641,0.287
0.675,0.305
0.709,0.318
0.743,0.324
0.776,0.327
0.81,0.324
0.844,0.317
0.878,0.303
0.911,0.284
0.945,0.261
0.979,0.235
1.013,0.202
1.046,0.157
1.08,0.12
1.114,7.96E-02
1.148,4.99E-02
1.181,1.26E-02
1.215,-2.91E-02
1.249,-8.01E-02
1.283,-0.119
1.316,-0.153
1.35,-0.184
1.384,-0.213
1.418,-0.237
1.451,-0.257
1.485,-0.273
1.519,-0.286
1.553,-0.29
1.586,-0.29
1.62,-0.288
1.654,-0.28
1.688,-0.268
1.721,-0.254
1.755,-0.228
1.789,-0.202
1.823,-0.175
1.856,-0.146
1.89,-0.114
1.924,-7.96E-02
1.958,-4.31E-02
1.992,-7.97E-03
2.025,2.90E-02
2.059,6.43E-02
2.093,9.91E-02
2.127,0.131
2.16,0.159
2.194,0.183
2.228,0.21
2.262,0.234
2.295,0.251
2.329,0.266
2.363,0.28
2.397,0.282
2.43,0.284
2.464,0.282
2.498,0.273
2.532,0.259
2.565,0.241
2.599,0.216
2.633,0.194
2.667,0.167
2.7,0.143
2.734,8.97E-02
2.768,7.09E-02
2.802,3.56E-02
2.835,-3.86E-03
2.869,-3.93E-02
2.903,-7.62E-02
2.937,-0.108
2.97,-0.138
3.004,-0.164
3.038,-0.187
3.072,-0.208
3.105,-0.226
3.139,-0.239
3.173,-0.248
3.207,-0.26
3.24,-0.26
3.274,-0.256
3.308,-0.248
3.342,-0.235
3.375,-0.217
3.409,-0.197
3.443,-0.174
3.477,-0.149
3.51,-0.123
3.544,-9.36E-02
3.578,-6.32E-02
3.612,-3.15E-02
3.645,-1.06E-03
3.679,3.07E-02
3.713,6.12E-02
3.747,9.02E-02
3.78,0.117
3.814,0.142
3.848,0.165
3.882,0.185
3.915,0.204
3.949,0.219
3.983,0.23
4.017,0.237
4.051,0.241
4.084,0.241
4.118,0.236
4.152,0.227
4.186,0.215
4.219,0.2
4.253,0.181
4.287,0.159
4.321,0.133
4.354,0.105
4.388,7.44E-02
4.422,4.15E-02
4.456,9.23E-03
4.489,-2.22E-02
4.523,-5.48E-02
4.557,-8.57E-02
4.591,-0.115
4.624,-0.142
4.658,-0.167
4.692,-0.189
4.726,-0.206
4.759,-0.219
4.793,-0.229
4.827,-0.235
4.861,-0.237
4.894,-0.227
4.928,-0.221
4.962,-0.214
4.996,-0.202
5.029,-0.188
5.063,-0.169
5.097,-0.149
5.131,-0.126
5.164,-0.101
5.198,-7.54E-02
5.232,-4.78E-02
5.266,-1.96E-02
5.299,8.94E-03
5.333,3.67E-02
5.367,6.30E-02
5.401,8.79E-02
5.434,0.112
5.468,0.134
5.502,0.154
5.536,0.172
5.569,0.186
5.603,0.197
5.637,0.208
5.671,0.213
5.704,0.215
5.738,0.213
5.772,0.208
5.806,0.198
5.839,0.184
5.873,0.167
5.907,0.149
5.941,0.127
5.975,0.104
6.008,7.67E-02
6.042,5.11E-02
6.076,2.32E-02
6.11,-4.92E-03
6.143,-3.19E-02
6.177,-6.05E-02
6.211,-8.69E-02
6.245,-0.112
6.278,-0.134
6.312,-0.154
6.346,-0.172
6.38,-0.186
6.413,-0.196
6.447,-0.202
6.481,-0.205
6.515,-0.205
6.548,-0.202
6.582,-0.197
6.616,-0.188
6.65,-0.176
6.683,-0.161
6.717,-0.144
6.751,-0.124
6.785,-0.103
6.818,-8.03E-02
6.852,-5.66E-02
6.886,-3.16E-02
6.92,-7.29E-03
6.953,1.66E-02
6.987,4.02E-02
7.021,6.31E-02
7.055,8.46E-02
7.088,0.105
7.122,0.124
7.156,0.14
7.19,0.155
7.223,0.167
7.257,0.176
7.291,0.184
7.325,0.19
7.358,0.19
7.392,0.187
7.426,0.181
7.46,0.172
7.493,0.16
7.527,0.145
7.561,0.128
7.595,0.108
7.628,8.53E-02
7.662,6.23E-02
7.696,3.82E-02
7.73,1.34E-02
7.763,-1.18E-02
7.797,-3.60E-02
7.831,-6.02E-02
7.865,-8.21E-02
7.898,-0.103
7.932,-0.122
7.966,-0.138
8,-0.152
8.034,-0.163
8.067,-0.17
8.101,-0.176
8.135,-0.177
8.169,-0.176
8.202,-0.173
8.236,-0.166
8.27,-0.156
8.304,-0.145
8.337,-0.13
8.371,-0.114
8.405,-9.64E-02
8.439,-7.71E-02
8.472,-5.76E-02
8.506,-3.80E-02
8.54,-1.47E-02
8.574,5.80E-03
8.607,2.75E-02
8.641,4.83E-02
8.675,6.80E-02
8.709,8.63E-02
8.742,0.104
8.776,0.125
8.81,0.14
8.844,0.152
8.877,0.161
8.911,0.168
8.945,0.172
8.979,0.173
9.012,0.172
9.046,0.168
9.08,0.161
9.114,0.151
9.147,0.138
9.181,0.123
9.215,0.108
9.249,8.81E-02
9.282,6.81E-02
9.316,4.76E-02
9.35,2.56E-02
9.384,3.84E-03
9.417,-1.85E-02
9.451,-4.02E-02
9.485,-6.05E-02
9.519,-8.00E-02
9.552,-9.70E-02
9.586,-0.113
9.62,-0.126
9.654,-0.137
9.687,-0.145
9.721,-0.151
9.755,-0.155
9.789,-0.155
9.822,-0.152
9.856,-0.147
9.89,-0.139
9.924,-0.13
9.958,-0.117
9.991,-0.104
10.025,-8.86E-02
10.059,-7.23E-02
10.093,-5.49E-02
10.126,-3.75E-02
10.16,-1.69E-02
10.194,4.65E-04
10.228,2.00E-02
10.261,3.91E-02
10.295,5.73E-02
10.329,7.36E-02
10.363,8.96E-02
10.396,0.104
10.43,0.113
10.464,0.124
10.498,0.134
10.531,0.14
10.565,0.145
10.599,0.147
10.633,0.147
10.666,0.144
10.7,0.139
10.734,0.131
10.768,0.121
10.801,0.108
10.835,9.46E-02
10.869,7.91E-02
10.903,6.19E-02
10.936,4.37E-02
10.97,2.41E-02
11.004,4.68E-03
11.038,-1.48E-02
11.071,-3.46E-02
11.105,-5.32E-02
11.139,-7.15E-02
11.173,-8.70E-02
11.206,-0.102
11.24,-0.114
11.274,-0.126
11.308,-0.134
11.341,-0.141
11.375,-0.144
11.409,-0.145
11.443,-0.144
11.476,-0.141
11.51,-0.135
11.544,-0.127
11.578,-0.117
11.611,-0.105
11.645,-9.25E-02
11.679,-7.85E-02
11.713,-6.21E-02
11.746,-4.51E-02
11.78,-2.85E-02
11.814,-1.13E-02
11.848,6.92E-03
11.882,2.49E-02
11.915,4.14E-02
11.949,5.75E-02
11.983,7.35E-02
12.017,8.73E-02
12.05,0.1
12.084,0.111
12.118,0.12
12.152,0.128
12.185,0.132
12.219,0.136
12.253,0.137
12.287,0.135
12.32,0.131
12.354,0.125
12.388,0.116
12.422,0.106
12.455,9.36E-02
12.489,7.97E-02
12.523,6.45E-02
12.557,4.90E-02
12.59,3.11E-02
12.624,1.38E-02
12.658,-3.16E-03
12.692,-2.14E-02
12.725,-3.77E-02
12.759,-5.45E-02
12.793,-6.96E-02
12.827,-8.34E-02
12.86,-9.60E-02
12.894,-0.107
12.928,-0.118
12.962,-0.124
12.995,-0.128
13.029,-0.13
13.063,-0.13
13.097,-0.127
13.13,-0.123
13.164,-0.118
13.198,-0.11
13.232,-9.98E-02
13.265,-8.86E-02
13.299,-7.58E-02
13.333,-6.22E-02
13.367,-4.71E-02
13.4,-3.15E-02
13.434,-1.59E-02
13.468,-2.93E-04
13.502,1.58E-02
13.535,3.14E-02
13.569,4.65E-02
13.603,6.02E-02
13.637,7.30E-02
13.67,8.48E-02
13.704,9.54E-02
13.738,0.104
13.772,0.112
13.805,0.117
13.839,0.12
13.873,0.121
13.907,0.12
13.941,0.117
13.974,0.112
14.008,0.105
14.042,9.67E-02
14.076,8.68E-02
14.109,7.46E-02
14.143,6.15E-02
14.177,4.73E-02
14.211,3.20E-02
14.244,1.60E-02
14.278,1.17E-04
14.312,-1.61E-02
14.346,-3.18E-02
14.379,-4.73E-02
14.413,-6.15E-02
14.447,-7.50E-02
14.481,-8.64E-02
14.514,-9.67E-02
14.548,-0.105
14.582,-0.112
14.616,-0.116
14.649,-0.119
14.683,-0.12
14.717,-0.119
14.751,-0.116
14.784,-0.111
14.818,-0.104
14.852,-9.57E-02
14.886,-8.57E-02
14.919,-7.44E-02
14.953,-6.20E-02
14.987,-4.85E-02
15.021,-3.45E-02
15.054,-2.00E-02
15.088,-5.20E-03
15.122,9.19E-03
15.156,2.34E-02
15.189,3.71E-02
15.223,5.00E-02
15.257,6.21E-02
15.291,7.34E-02
15.324,8.32E-02
15.358,9.15E-02
15.392,9.85E-02
15.426,0.104
15.459,0.107
15.493,0.109
15.527,0.109
15.561,0.107
15.594,0.103
15.628,9.82E-02
15.662,9.13E-02
15.696,8.27E-02
15.729,7.31E-02
15.763,6.15E-02
15.797,4.92E-02
15.831,3.58E-02
15.865,2.21E-02
15.898,8.27E-03
15.932,-6.64E-03
15.966,-2.12E-02
16,-3.46E-02
16.033,-4.80E-02
16.067,-6.09E-02
16.101,-7.29E-02
16.135,-8.27E-02
16.168,-9.14E-02
16.202,-9.86E-02
16.236,-0.103
16.27,-0.106
16.303,-0.107
16.337,-0.107
16.371,-0.105
16.405,-0.101
16.438,-9.52E-02
16.472,-8.78E-02
16.506,-7.90E-02
16.54,-6.90E-02
16.573,-5.73E-02
16.607,-4.47E-02
16.641,-3.27E-02
16.675,-2.00E-02
16.708,-6.85E-03
16.742,6.81E-03
16.776,2.07E-02
16.81,3.30E-02
16.843,4.49E-02
16.877,5.61E-02
16.911,6.58E-02
16.945,7.50E-02
16.978,8.28E-02
17.012,8.91E-02
17.046,9.45E-02
17.08,9.82E-02
17.113,0.1
17.147,0.101
17.181,9.93E-02
17.215,9.62E-02
17.248,9.17E-02
17.282,8.60E-02
17.316,7.86E-02
17.35,7.01E-02
17.383,6.03E-02
17.417,4.91E-02
17.451,3.68E-02
17.485,2.56E-02
17.518,1.15E-02
17.552,-1.53E-03
17.586,-1.49E-02
17.62,-2.67E-02
17.653,-4.02E-02
17.687,-5.19E-02
17.721,-6.20E-02
17.755,-7.16E-02
17.789,-8.04E-02
17.822,-8.72E-02
17.856,-9.20E-02
17.89,-9.53E-02
17.924,-9.69E-02
17.957,-9.71E-02
17.991,-9.57E-02
18.025,-9.28E-02
18.059,-8.81E-02
18.092,-8.20E-02
18.126,-7.30E-02
18.16,-6.43E-02
18.194,-5.41E-02
18.227,-4.32E-02
18.261,-3.09E-02
18.295,-1.99E-02
18.329,-8.32E-03
18.362,3.91E-03
18.396,1.63E-02
18.43,2.72E-02
18.464,3.92E-02
18.497,4.97E-02
18.531,5.94E-02
18.565,6.74E-02
18.599,7.48E-02
18.632,8.11E-02
18.666,8.61E-02
18.7,8.99E-02
18.734,9.20E-02
18.767,9.24E-02
18.801,9.16E-02
18.835,8.91E-02
18.869,8.53E-02
18.902,8.01E-02
18.936,7.37E-02
18.97,6.64E-02
19.004,5.75E-02
19.037,4.75E-02
19.071,3.66E-02
19.105,2.48E-02
19.139,1.41E-02
19.172,8.46E-04
19.206,-1.08E-02
19.24,-2.29E-02
19.274,-3.39E-02
19.307,-4.42E-02
19.341,-5.48E-02
19.375,-6.31E-02
19.409,-7.17E-02
19.442,-7.77E-02
19.476,-8.23E-02
19.51,-8.59E-02
19.544,-8.80E-02
19.577,-8.86E-02
19.611,-8.74E-02
19.645,-8.49E-02
19.679,-8.11E-02
19.712,-7.46E-02
19.746,-6.81E-02
19.78,-6.05E-02
19.814,-5.19E-02
19.848,-4.21E-02
19.881,-3.15E-02
19.915,-1.98E-02
19.949,-9.79E-03
19.983,1.09E-03
20.016,1.25E-02
20.05,2.38E-02
20.084,3.37E-02
20.118,4.29E-02
20.151,5.21E-02
20.185,6.05E-02
20.219,6.69E-02
20.253,7.27E-02
20.286,7.74E-02
20.32,8.08E-02
20.354,8.26E-02
20.388,8.35E-02
20.421,8.30E-02
20.455,8.13E-02
20.489,7.79E-02
20.523,7.35E-02
20.556,6.77E-02
20.59,6.10E-02
20.624,5.31E-02
20.658,4.41E-02
20.691,3.43E-02
20.725,2.39E-02
20.759,1.42E-02
20.793,2.53E-03
20.826,-8.27E-03
20.86,-1.91E-02
20.894,-2.87E-02
20.928,-3.94E-02
20.961,-4.88E-02
20.995,-5.77E-02
21.029,-6.44E-02
21.063,-7.11E-02
21.096,-7.59E-02
21.13,-7.94E-02
21.164,-8.16E-02
21.198,-8.21E-02
21.231,-8.17E-02
21.265,-7.96E-02
21.299,-7.53E-02
21.333,-7.10E-02
21.366,-6.52E-02
21.4,-5.84E-02
21.434,-4.91E-02
21.468,-4.06E-02
21.501,-3.09E-02
21.535,-2.10E-02
21.569,-1.15E-02
21.603,-3.56E-04
21.636,9.68E-03
21.67,1.99E-02
21.704,2.94E-02
21.738,3.85E-02
21.772,4.69E-02
21.805,5.45E-02
21.839,6.10E-02
21.873,6.63E-02
21.907,7.06E-02
21.94,7.39E-02
21.974,7.57E-02
22.008,7.69E-02
22.042,7.67E-02
22.075,7.50E-02
22.109,7.20E-02
22.143,6.80E-02
22.177,6.28E-02
22.21,5.62E-02
22.244,4.91E-02
22.278,4.12E-02
22.312,3.29E-02
22.345,2.35E-02
22.379,1.39E-02
22.413,3.97E-03
22.447,-6.05E-03
22.48,-1.60E-02
22.514,-2.60E-02
22.548,-3.51E-02
22.582,-4.38E-02
22.615,-5.15E-02
22.649,-5.82E-02
22.683,-6.43E-02
22.717,-6.89E-02
22.75,-7.24E-02
22.784,-7.50E-02
22.818,-7.55E-02
22.852,-7.53E-02
22.885,-7.37E-02
22.919,-7.08E-02
22.953,-6.65E-02
22.987,-6.12E-02
23.02,-5.48E-02
23.054,-4.73E-02
23.088,-3.92E-02
23.122,-3.05E-02
23.155,-2.11E-02
23.189,-1.17E-02
23.223,-2.51E-03
23.257,7.21E-03
23.29,1.69E-02
23.324,2.57E-02
23.358,3.39E-02
23.392,4.17E-02
23.425,4.87E-02
23.459,5.48E-02
23.493,6.01E-02
23.527,6.44E-02
23.56,6.76E-02
23.594,6.95E-02
23.628,7.04E-02
23.662,7.01E-02
23.695,6.88E-02
23.729,6.60E-02
23.763,6.20E-02
23.797,5.73E-02
23.831,5.15E-02
23.864,4.47E-02
23.898,3.73E-02
23.932,2.91E-02
23.966,2.06E-02
23.999,1.18E-02
24.033,2.86E-03
24.067,-6.45E-03
24.101,-1.55E-02
24.134,-2.41E-02
24.168,-3.25E-02
24.202,-4.05E-02
24.236,-4.77E-02
24.269,-5.40E-02
24.303,-5.96E-02
24.337,-6.34E-02
24.371,-6.73E-02
24.404,-6.90E-02
24.438,-7.00E-02
24.472,-7.02E-02
24.506,-6.86E-02
24.539,-6.61E-02
24.573,-6.24E-02
24.607,-5.75E-02
24.641,-5.18E-02
24.674,-4.50E-02
24.708,-3.75E-02
24.742,-2.97E-02
24.776,-2.11E-02
24.809,-1.23E-02
24.843,-3.34E-03
24.877,5.98E-03
24.911,1.44E-02
24.944,2.30E-02
24.978,3.10E-02
25.012,3.85E-02
25.046,4.52E-02
25.079,5.11E-02
25.113,5.61E-02
25.147,6.04E-02
25.181,6.34E-02
25.214,6.55E-02
25.248,6.64E-02
25.282,6.63E-02
25.316,6.48E-02
25.349,6.23E-02
25.383,5.89E-02
25.417,5.43E-02
25.451,4.88E-02
25.484,4.26E-02
25.518,3.58E-02
25.552,2.84E-02
25.586,2.04E-02
25.619,1.22E-02
25.653,4.01E-03
25.687,-4.81E-03
25.721,-1.28E-02
25.755,-2.09E-02
25.788,-2.84E-02
25.822,-3.63E-02
25.856,-4.24E-02
25.89,-4.82E-02
25.923,-5.40E-02
25.957,-5.78E-02
25.991,-6.11E-02
26.025,-6.33E-02
26.058,-6.42E-02
26.092,-6.46E-02
26.126,-6.34E-02
26.16,-6.12E-02
26.193,-5.78E-02
26.227,-5.34E-02
26.261,-4.83E-02
26.295,-4.21E-02
26.328,-3.54E-02
26.362,-2.79E-02
26.396,-2.01E-02
26.43,-1.17E-02
26.463,-3.53E-03
26.497,5.12E-03
26.531,1.34E-02
26.565,2.14E-02
26.598,2.90E-02
26.632,3.59E-02
26.666,4.25E-02
26.7,4.83E-02
26.733,5.30E-02
26.767,5.71E-02
26.801,5.97E-02
26.835,6.16E-02
26.868,6.25E-02
26.902,6.27E-02
26.936,6.16E-02
26.97,5.93E-02
27.003,5.60E-02
27.037,5.17E-02
27.071,4.69E-02
27.105,4.12E-02
27.138,3.46E-02
27.172,2.82E-02
27.206,2.09E-02
27.24,1.34E-02
27.273,5.73E-03
27.307,-2.66E-03
27.341,-1.02E-02
27.375,-1.78E-02
27.408,-2.50E-02
27.442,-3.17E-02
27.476,-3.85E-02
27.51,-4.42E-02
27.543,-4.91E-02
27.577,-5.31E-02
27.611,-5.61E-02
27.645,-5.80E-02
27.679,-5.91E-02
27.712,-5.92E-02
27.746,-5.83E-02
27.78,-5.65E-02
27.814,-5.36E-02
27.847,-4.98E-02
27.881,-4.50E-02
27.915,-3.91E-02
27.949,-3.28E-02
27.982,-2.59E-02
28.016,-1.82E-02
28.05,-1.08E-02
28.084,-2.90E-03
28.117,5.39E-03
28.151,1.38E-02
28.185,2.16E-02
28.219,2.89E-02
28.252,3.55E-02
28.286,4.19E-02
28.32,4.68E-02
28.354,5.15E-02
28.387,5.51E-02
28.421,5.80E-02
28.455,6.01E-02
28.489,6.11E-02
28.522,6.12E-02
28.556,6.05E-02
28.59,5.84E-02
28.624,5.54E-02
28.657,5.15E-02
28.691,4.66E-02
28.725,4.12E-02
28.759,3.55E-02
28.792,2.88E-02
28.826,2.17E-02
28.86,1.45E-02
28.894,7.23E-03
28.927,-2.96E-04
28.961,-7.31E-03
28.995,-1.44E-02
29.029,-2.16E-02
29.062,-2.80E-02
29.096,-3.40E-02
29.13,-3.96E-02
29.164,-4.41E-02
29.197,-4.80E-02
29.231,-5.09E-02
29.265,-5.32E-02
29.299,-5.45E-02
29.332,-5.47E-02
29.366,-5.38E-02
29.4,-5.21E-02
29.434,-4.95E-02
29.467,-4.60E-02
29.501,-4.17E-02
29.535,-3.66E-02
29.569,-3.05E-02
29.602,-2.41E-02
29.636,-1.74E-02
29.67,-1.06E-02
29.704,-3.36E-03
29.738,4.46E-03
29.771,1.26E-02
29.805,2.01E-02
29.839,2.67E-02
29.873,3.31E-02
29.906,3.88E-02
29.94,4.40E-02
29.974,4.81E-02
30.008,5.17E-02
30.041,5.45E-02
30.075,5.62E-02
30.109,5.71E-02
30.143,5.71E-02
30.176,5.61E-02
30.21,5.40E-02
30.244,5.10E-02
30.278,4.74E-02
30.311,4.30E-02
30.345,3.82E-02
30.379,3.25E-02
30.413,2.65E-02
30.446,2.01E-02
30.48,1.34E-02
30.514,6.42E-03
30.548,-6.18E-04
30.581,-7.28E-03
30.615,-1.37E-02
30.649,-2.03E-02
30.683,-2.67E-02
30.716,-3.21E-02
30.75,-3.70E-02
30.784,-4.08E-02
30.818,-4.46E-02
30.851,-4.72E-02
30.885,-4.93E-02
30.919,-5.00E-02
30.953,-5.04E-02
30.986,-4.98E-02
31.02,-4.82E-02
31.054,-4.60E-02
31.088,-4.28E-02
31.121,-3.88E-02
31.155,-3.39E-02
31.189,-2.86E-02
31.223,-2.28E-02
31.256,-1.63E-02
31.29,-9.66E-03
31.324,-2.77E-03
31.358,4.34E-03
31.391,1.11E-02
31.425,1.77E-02
31.459,2.41E-02
31.493,3.03E-02
31.526,3.57E-02
31.56,4.04E-02
31.594,4.47E-02
31.628,4.81E-02
31.662,5.06E-02
31.695,5.21E-02
31.729,5.31E-02
31.763,5.30E-02
31.797,5.21E-02
31.83,5.04E-02
31.864,4.77E-02
31.898,4.44E-02
31.932,4.03E-02
31.965,3.54E-02
31.999,2.99E-02
32.033,2.43E-02
32.067,1.80E-02
32.1,1.16E-02
32.134,5.51E-03
32.168,-1.11E-03
32.202,-7.62E-03
32.235,-1.39E-02
32.269,-1.98E-02
32.303,-2.56E-02
32.337,-3.08E-02
32.37,-3.54E-02
32.404,-3.94E-02
32.438,-4.27E-02
32.472,-4.52E-02
32.505,-4.71E-02
32.539,-4.78E-02
32.573,-4.83E-02
32.607,-4.78E-02
32.64,-4.63E-02
32.674,-4.43E-02
32.708,-4.09E-02
32.742,-3.72E-02
32.775,-3.27E-02
32.809,-2.78E-02
32.843,-2.24E-02
32.877,-1.64E-02
32.91,-1.03E-02
32.944,-3.88E-03
32.978,2.81E-03
33.012,9.16E-03
33.045,1.58E-02
33.079,2.19E-02
33.113,2.75E-02
33.147,3.28E-02
33.18,3.73E-02
33.214,4.12E-02
33.248,4.46E-02
33.282,4.71E-02
33.315,4.87E-02
33.349,4.96E-02
33.383,4.96E-02
33.417,4.90E-02
33.45,4.70E-02
33.484,4.46E-02
33.518,4.15E-02
33.552,3.74E-02
33.585,3.30E-02
33.619,2.80E-02
33.653,2.26E-02
33.687,1.70E-02
33.721,1.08E-02
33.754,4.67E-03
33.788,-1.46E-03
33.822,-7.66E-03
33.856,-1.35E-02
33.889,-1.93E-02
33.923,-2.48E-02
33.957,-2.97E-02
33.991,-3.42E-02
34.024,-3.80E-02
34.058,-4.11E-02
34.092,-4.36E-02
34.126,-4.53E-02
34.159,-4.65E-02
34.193,-4.68E-02
34.227,-4.65E-02
34.261,-4.53E-02
34.294,-4.32E-02
34.328,-4.04E-02
34.362,-3.70E-02
34.396,-3.26E-02
34.429,-2.79E-02
34.463,-2.27E-02
34.497,-1.72E-02
34.531,-1.11E-02
34.564,-5.01E-03
34.598,1.16E-03
34.632,7.32E-03
34.666,1.36E-02
34.699,1.96E-02
34.733,2.50E-02
34.767,2.99E-02
34.801,3.45E-02
34.834,3.83E-02
34.868,4.14E-02
34.902,4.37E-02
34.936,4.54E-02
34.969,4.63E-02
35.003,4.64E-02
35.037,4.58E-02
35.071,4.45E-02
35.104,4.21E-02
35.138,3.89E-02
35.172,3.52E-02
35.206,3.11E-02
35.239,2.63E-02
35.273,2.13E-02
35.307,1.60E-02
35.341,1.00E-02
35.374,4.36E-03
35.408,-1.79E-03
35.442,-7.56E-03
35.476,-1.33E-02
35.509,-1.87E-02
35.543,-2.36E-02
35.577,-2.85E-02
35.611,-3.25E-02
35.645,-3.59E-02
35.678,-3.88E-02
35.712,-4.10E-02
35.746,-4.27E-02
35.78,-4.35E-02
35.813,-4.38E-02
35.847,-4.33E-02
35.881,-4.23E-02
35.915,-4.02E-02
35.948,-3.75E-02
35.982,-3.40E-02
36.016,-3.01E-02
36.05,-2.55E-02
36.083,-2.04E-02
36.117,-1.48E-02
36.151,-8.89E-03
36.185,-3.36E-03
36.218,2.38E-03
36.252,8.49E-03
36.286,1.40E-02
36.32,1.93E-02
36.353,2.46E-02
36.387,2.90E-02
36.421,3.35E-02
36.455,3.70E-02
36.488,3.99E-02
36.522,4.24E-02
36.556,4.40E-02
36.59,4.48E-02
36.623,4.50E-02
36.657,4.46E-02
36.691,4.34E-02
36.725,4.11E-02
36.758,3.84E-02
36.792,3.46E-02
36.826,3.09E-02
36.86,2.63E-02
36.893,2.13E-02
36.927,1.60E-02
36.961,1.07E-02
36.995,4.80E-03
37.028,-6.16E-04
37.062,-6.56E-03
37.096,-1.19E-02
37.13,-1.69E-02
37.163,-2.18E-02
37.197,-2.62E-02
37.231,-3.03E-02
37.265,-3.37E-02
37.298,-3.64E-02
37.332,-3.86E-02
37.366,-4.02E-02
37.4,-4.12E-02
37.433,-4.14E-02
37.467,-4.11E-02
37.501,-4.01E-02
37.535,-3.81E-02
37.569,-3.54E-02
37.602,-3.24E-02
37.636,-2.87E-02
37.67,-2.41E-02
37.704,-1.94E-02
37.737,-1.44E-02
37.771,-9.18E-03
37.805,-3.76E-03
37.839,2.27E-03
37.872,7.69E-03
37.906,1.32E-02
37.94,1.83E-02
37.974,2.32E-02
38.007,2.77E-02
38.041,3.18E-02
38.075,3.55E-02
38.109,3.84E-02
38.142,4.08E-02
38.176,4.26E-02
38.21,4.36E-02
38.244,4.37E-02
38.277,4.33E-02
38.311,4.24E-02
38.345,4.03E-02
38.379,3.77E-02
38.412,3.44E-02
38.446,3.04E-02
38.48,2.61E-02
38.514,2.17E-02
38.547,1.68E-02
38.581,1.14E-02
38.615,5.75E-03
38.649,4.85E-04
38.682,-4.66E-03
38.716,-9.93E-03
38.75,-1.49E-02
38.784,-1.95E-02
38.817,-2.39E-02
38.851,-2.77E-02
38.885,-3.07E-02
38.919,-3.36E-02
38.952,-3.54E-02
38.986,-3.69E-02
39.02,-3.77E-02
39.054,-3.81E-02
39.087,-3.78E-02
39.121,-3.71E-02
39.155,-3.51E-02
39.189,-3.28E-02
39.222,-3.01E-02
39.256,-2.64E-02
39.29,-2.23E-02
39.324,-1.82E-02
39.357,-1.33E-02
39.391,-8.32E-03
39.425,-2.97E-03
39.459,2.31E-03
39.492,7.60E-03
39.526,1.27E-02
39.56,1.79E-02
39.594,2.26E-02
39.628,2.69E-02
39.661,3.10E-02
39.695,3.43E-02
39.729,3.70E-02
39.763,3.92E-02
39.796,4.06E-02
39.83,4.15E-02
39.864,4.17E-02
39.898,4.13E-02
39.931,4.05E-02
39.965,3.86E-02
39.999,3.61E-02
40.033,3.27E-02
40.066,2.92E-02
40.1,2.53E-02
40.134,2.09E-02
40.168,1.60E-02
40.201,1.10E-02
40.235,5.79E-03
40.269,4.02E-04
40.303,-4.58E-03
40.336,-9.66E-03
40.37,-1.44E-02
40.404,-1.88E-02
40.438,-2.30E-02
40.471,-2.65E-02
40.505,-2.95E-02
40.539,-3.22E-02
40.573,-3.42E-02
40.606,-3.56E-02
40.64,-3.64E-02
40.674,-3.67E-02
40.708,-3.65E-02
40.741,-3.56E-02
40.775,-3.38E-02
40.809,-3.20E-02
40.843,-2.92E-02
40.876,-2.58E-02
40.91,-2.18E-02
40.944,-1.78E-02
40.978,-1.30E-02
41.011,-8.51E-03
41.045,-3.44E-03
41.079,1.86E-03
41.113,6.93E-03
41.146,1.17E-02
41.18,1.61E-02
41.214,2.09E-02
41.248,2.47E-02
41.281,2.87E-02
41.315,3.19E-02
41.349,3.48E-02
41.383,3.66E-02
41.416,3.82E-02
41.45,3.91E-02
41.484,3.93E-02
41.518,3.90E-02
41.552,3.83E-02
41.585,3.66E-02
41.619,3.41E-02
41.653,3.12E-02
41.687,2.78E-02
41.72,2.42E-02
41.754,2.02E-02
41.788,1.52E-02
41.822,1.04E-02
41.855,5.71E-03
41.889,9.83E-04
41.923,-3.44E-03
41.957,-8.81E-03
41.99,-1.32E-02
42.024,-1.72E-02
42.058,-2.14E-02
42.092,-2.48E-02
42.125,-2.80E-02
42.159,-3.06E-02
42.193,-3.26E-02
42.227,-3.41E-02
42.26,-3.49E-02
42.294,-3.54E-02
42.328,-3.51E-02
42.362,-3.45E-02
42.395,-3.31E-02
42.429,-3.10E-02
42.463,-2.82E-02
42.497,-2.52E-02
42.53,-2.17E-02
42.564,-1.79E-02
42.598,-1.36E-02
42.632,-8.98E-03
42.665,-4.38E-03
42.699,3.04E-04
42.733,5.07E-03
42.767,9.87E-03
42.8,1.42E-02
42.834,1.84E-02
42.868,2.27E-02
42.902,2.60E-02
42.935,2.93E-02
42.969,3.20E-02
43.003,3.43E-02
43.037,3.56E-02
43.07,3.66E-02
43.104,3.70E-02
43.138,3.67E-02
43.172,3.58E-02
43.205,3.43E-02
43.239,3.23E-02
43.273,2.94E-02
43.307,2.61E-02
43.34,2.28E-02
43.374,1.87E-02
43.408,1.43E-02
43.442,9.69E-03
43.476,5.37E-03
43.509,6.73E-04
43.543,-3.88E-03
43.577,-8.70E-03
43.611,-1.29E-02
43.644,-1.70E-02
43.678,-2.06E-02
43.712,-2.38E-02
43.746,-2.68E-02
43.779,-2.91E-02
43.813,-3.11E-02
43.847,-3.23E-02
43.881,-3.30E-02
43.914,-3.32E-02
43.948,-3.30E-02
43.982,-3.23E-02
44.016,-3.08E-02
44.049,-2.89E-02
44.083,-2.63E-02
44.117,-2.35E-02
44.151,-1.99E-02
44.184,-1.62E-02
44.218,-1.24E-02
44.252,-8.04E-03
44.286,-3.73E-03
44.319,8.20E-04
44.353,5.33E-03
44.387,9.87E-03
44.421,1.40E-02
44.454,1.81E-02
44.488,2.16E-02
44.522,2.50E-02
44.556,2.79E-02
44.589,3.04E-02
44.623,3.26E-02
44.657,3.43E-02
44.691,3.51E-02
44.724,3.55E-02
44.758,3.53E-02
44.792,3.45E-02
44.826,3.32E-02
44.859,3.12E-02
44.893,2.85E-02
44.927,2.54E-02
44.961,2.22E-02
44.994,1.83E-02
45.028,1.42E-02
45.062,1.01E-02
45.096,5.32E-03
45.129,1.27E-03
45.163,-3.19E-03
45.197,-7.38E-03
45.231,-1.16E-02
45.264,-1.52E-02
45.298,-1.92E-02
45.332,-2.22E-02
45.366,-2.48E-02
45.399,-2.71E-02
45.433,-2.89E-02
45.467,-3.01E-02
45.501,-3.07E-02
45.535,-3.09E-02
45.568,-3.06E-02
45.602,-2.98E-02
45.636,-2.86E-02
45.67,-2.67E-02
45.703,-2.42E-02
45.737,-2.16E-02
45.771,-1.83E-02
45.805,-1.50E-02
45.838,-1.11E-02
45.872,-7.05E-03
45.906,-3.09E-03
45.94,9.92E-04
45.973,5.36E-03
46.007,9.80E-03
46.041,1.31E-02
46.075,1.70E-02
46.108,2.03E-02
46.142,2.36E-02
46.176,2.62E-02
46.21,2.85E-02
46.243,3.04E-02
46.277,3.19E-02
46.311,3.28E-02
46.345,3.32E-02
46.378,3.30E-02
46.412,3.22E-02
46.446,3.08E-02
46.48,2.90E-02
46.513,2.63E-02
46.547,2.34E-02
46.581,2.01E-02
46.615,1.65E-02
46.648,1.25E-02
46.682,8.32E-03
46.716,4.31E-03
46.75,2.38E-04
46.783,-4.27E-03
46.817,-8.56E-03
46.851,-1.17E-02
46.885,-1.54E-02
46.918,-1.88E-02
46.952,-2.17E-02
46.986,-2.42E-02
47.02,-2.60E-02
47.053,-2.77E-02
47.087,-2.87E-02
47.121,-2.94E-02
47.155,-2.97E-02
47.188,-2.93E-02
47.222,-2.86E-02
47.256,-2.74E-02
47.29,-2.56E-02
47.323,-2.31E-02
47.357,-2.06E-02
47.391,-1.76E-02
47.425,-1.43E-02
47.459,-1.08E-02
47.492,-6.90E-03
47.526,-2.88E-03
47.56,1.00E-03
47.594,4.68E-03
47.627,8.37E-03
47.661,1.25E-02
47.695,1.63E-02
47.729,1.98E-02
47.762,2.28E-02
47.796,2.55E-02
47.83,2.77E-02
47.864,2.96E-02
47.897,3.08E-02
47.931,3.15E-02
47.965,3.18E-02
47.999,3.17E-02
48.032,3.10E-02
48.066,2.96E-02
48.1,2.79E-02
48.134,2.54E-02
48.167,2.26E-02
48.201,1.96E-02
48.235,1.63E-02
48.269,1.28E-02
48.302,8.61E-03
48.336,4.32E-03
48.37,2.32E-04
48.404,-3.56E-03
48.437,-6.76E-03
48.471,-1.08E-02
48.505,-1.45E-02
48.539,-1.77E-02
48.572,-2.06E-02
48.606,-2.28E-02
48.64,-2.47E-02
48.674,-2.63E-02
48.707,-2.73E-02
48.741,-2.80E-02
48.775,-2.77E-02
48.809,-2.73E-02
48.842,-2.65E-02
48.876,-2.52E-02
48.91,-2.34E-02
48.944,-2.13E-02
48.977,-1.85E-02
49.011,-1.56E-02
49.045,-1.26E-02
49.079,-9.40E-03
49.112,-6.08E-03
49.146,-2.17E-03
49.18,1.17E-03
49.214,4.96E-03
49.247,8.58E-03
49.281,1.18E-02
49.315,1.55E-02
49.349,1.81E-02
49.382,2.13E-02
49.416,2.38E-02
49.45,2.58E-02
49.484,2.74E-02
49.518,2.88E-02
49.551,2.94E-02
49.585,2.96E-02
49.619,2.94E-02
49.653,2.87E-02
49.686,2.73E-02
49.72,2.54E-02
49.754,2.32E-02
49.788,2.05E-02
49.821,1.76E-02
49.855,1.42E-02
49.889,1.05E-02
49.923,7.04E-03
49.956,3.52E-03
49.99,-4.73E-04
50.024,-4.34E-03
50.058,-7.92E-03
50.091,-1.11E-02
50.125,-1.46E-02
50.159,-1.72E-02
50.193,-1.99E-02
50.226,-2.24E-02
50.26,-2.44E-02
50.294,-2.56E-02
50.328,-2.64E-02
50.361,-2.69E-02
50.395,-2.71E-02
